INSERT INTO project_group (id, owner, name, description) VALUES
('00000000-0000-0000-0000-000000000001', 1, 'First', 'Description'),
('00000000-0000-0000-0000-000000000002', 2, 'Second', 'Description');

INSERT INTO project_group_member (project_group_id, character_id, accepted, permission) VALUES
('00000000-0000-0000-0000-000000000001', 1, TRUE, 1),
('00000000-0000-0000-0000-000000000002', 2, TRUE, 1);

INSERT INTO project (id, owner, name, orderer, project_group_id) VALUES
('00000000-0000-0000-0000-000000000101', 1, 'Test', 'Test', '00000000-0000-0000-0000-000000000001'),
('00000000-0000-0000-0000-000000000102', 1, 'Filter', 'Test', '00000000-0000-0000-0000-000000000001'),
('00000000-0000-0000-0000-000000000103', 1, 'Test', 'Test', '00000000-0000-0000-0000-000000000001'),
('00000000-0000-0000-0000-000000000104', 1, 'Test', 'Test', '00000000-0000-0000-0000-000000000001'),
('00000000-0000-0000-0000-000000000105', 2, 'Test', 'Test', '00000000-0000-0000-0000-000000000002');

INSERT INTO project_job (project_id, type_id, runs, structure_id) VALUES
('00000000-0000-0000-0000-000000000101', 21027, 1, '00000000-0000-0000-0000-000000000001'),
('00000000-0000-0000-0000-000000000101', 21027, 1, '00000000-0000-0000-0000-000000000001'),
('00000000-0000-0000-0000-000000000102', 21027, 1, '00000000-0000-0000-0000-000000000001');

INSERT INTO structure (id, structure_id, system_id, type_id, name, owner, rigs, services, x, y, z) VALUES
('00000000-0000-0000-0000-000000000001', 1337, 30004759, 35892, 'Some Test Structure', 1, '{46497}'::INTEGER[], '{35892}'::INTEGER[], 0, 0, 0),
('00000000-0000-0000-0000-000000000002', 1337, 30004759, 35892, 'Another Test Structure', 2, ARRAY[]::INTEGER[], '{35892}'::INTEGER[], 0, 0, 0),
('00000000-0000-0000-0000-000000000003', 1337, 30004759, 35892, 'Filter', 1, ARRAY[]::INTEGER[], '{35892}'::INTEGER[], 0, 0, 0);
